E014M.mp4,3848,37,95,Female
E014V.mp4,5102,53,111,Female
E015M.mp4,2496,38,26,Male
E015V.mp4,2715,41,43,Male
E016M.mp4,4211,51,65,Female
E016V.mp4,4540,52,58,Female
E018M.mp4,3271,38,19,Female
E018V.mp4,2747,33,14,Female
E027M.mp4,2428,45,67,Female
E027V.mp4,2261,26,54,Female
E033M.mp4,5114,179,135,Female
E033V.mp4,4825,155,97,Female
E034M.mp4,3860,26,11,Female
E034V.mp4,6242,93,51,Female
E037M.mp4,2640,94,1,Male
E037V.mp4,2590,85,3,Male
E038M.mp4,3312,47,48,Female
E038V.mp4,4355,85,64,Female
E042M.mp4,3359,33,41,Male
E042V.mp4,3520,27,63,Male
E045M.mp4,2968,31,22,Female
E045V.mp4,2619,18,15,Female
E046M.mp4,3683,77,22,Female
E046V.mp4,3553,79,35,Female
E054M.mp4,2592,29,20,Female
E054V.mp4,2305,31,7,Female
E060M.mp4,3240,31,33,Female
E060V.mp4,4241,50,63,Female
E062M.mp4,3806,91,73,Female
E062V.mp4,5150,100,113,Female
